tool,rep,filter,bits,hits,seconds,addr_per_sec,gpu_watts,cpu_watts
idle,0,-,0,0,30,0,24.9,58.3
mkp224o,1,hon2o,25,692,90,2.579963e+08,25.0,338.5
honion,1,hon2on,30,1076,90,1.283718e+10,588.4,108.5
prefix32,1,hon2on,30,862,90,1.028406e+10,590.1,84.9
mkp224o,2,hon2o,25,696,90,2.594876e+08,138.8,341.0
honion,2,hon2on,30,1107,90,1.320702e+10,585.9,109.5
prefix32,2,hon2on,30,856,90,1.021248e+10,590.2,86.1
mkp224o,3,hon2o,25,712,90,2.654528e+08,140.1,339.8
honion,3,hon2on,30,1089,90,1.299228e+10,590.7,110.4
prefix32,3,hon2on,30,897,90,1.070163e+10,591.9,86.9
mkp224o,4,hon2o,25,681,90,2.538952e+08,139.9,339.9
honion,4,hon2on,30,1051,90,1.253892e+10,589.3,116.2
prefix32,4,hon2on,30,890,90,1.061811e+10,590.6,87.4
mkp224o,5,hon2o,25,701,90,2.613517e+08,140.2,340.0
honion,5,hon2on,30,1038,90,1.238382e+10,590.5,110.4
prefix32,5,hon2on,30,874,90,1.042723e+10,590.9,92.8
mkp224o,6,hon2o,25,629,90,2.345082e+08,140.3,338.6
honion,6,hon2on,30,1060,90,1.264629e+10,588.5,124.4
prefix32,6,hon2on,30,866,90,1.033178e+10,590.2,93.2
mkp224o,7,hon2o,25,694,90,2.587420e+08,140.6,337.8
honion,7,hon2on,30,1028,90,1.226452e+10,589.0,112.8
prefix32,7,hon2on,30,855,90,1.020055e+10,590.3,108.3
mkp224o,8,hon2o,25,659,90,2.456930e+08,140.3,337.1
honion,8,hon2on,30,1044,90,1.245541e+10,588.8,112.7
prefix32,8,hon2on,30,833,90,9.938077e+09,590.3,86.7
mkp224o,9,hon2o,25,660,90,2.460658e+08,140.4,339.1
honion,9,hon2on,30,1109,90,1.323089e+10,591.7,115.3
prefix32,9,hon2on,30,902,90,1.076128e+10,591.2,86.2
mkp224o,10,hon2o,25,644,90,2.401006e+08,140.8,339.3
honion,10,hon2on,30,1028,90,1.226452e+10,588.2,109.9
prefix32,10,hon2on,30,874,90,1.042723e+10,590.6,86.4
mkp224o,11,hon2o,25,699,90,2.606061e+08,140.2,339.9
honion,11,hon2on,30,1083,90,1.292069e+10,588.5,109.7
prefix32,11,hon2on,30,859,90,1.024827e+10,590.2,86.3
mkp224o,12,hon2o,25,721,90,2.688083e+08,139.5,339.2
honion,12,hon2on,30,1033,90,1.232417e+10,590.8,109.4
prefix32,12,hon2on,30,877,90,1.046302e+10,592.4,87.2
mkp224o,13,hon2o,25,682,90,2.542680e+08,139.8,339.9
honion,13,hon2on,30,1023,90,1.220487e+10,588.3,108.9
prefix32,13,hon2on,30,937,90,1.117885e+10,590.0,85.3
mkp224o,14,hon2o,25,665,90,2.479300e+08,139.8,339.6
honion,14,hon2on,30,1114,90,1.329054e+10,588.1,108.9
prefix32,14,hon2on,30,898,90,1.071356e+10,591.0,86.6
mkp224o,15,hon2o,25,685,90,2.553865e+08,140.1,339.4
honion,15,hon2on,30,977,90,1.165606e+10,590.6,109.5
prefix32,15,hon2on,30,850,90,1.014090e+10,591.0,86.5
mkp224o,16,hon2o,25,732,90,2.729094e+08,140.5,339.2
honion,16,hon2on,30,1001,90,1.194240e+10,589.0,111.5
prefix32,16,hon2on,30,893,90,1.065390e+10,591.7,85.9
mkp224o,17,hon2o,25,710,90,2.647072e+08,140.4,338.5
honion,17,hon2on,30,1067,90,1.272981e+10,587.5,109.9
prefix32,17,hon2on,30,877,90,1.046302e+10,590.4,86.7
mkp224o,18,hon2o,25,671,90,2.501669e+08,140.1,339.1
honion,18,hon2on,30,1119,90,1.335019e+10,591.2,109.5
prefix32,18,hon2on,30,857,90,1.022441e+10,591.8,84.8
mkp224o,19,hon2o,25,686,90,2.557593e+08,36.7,335.2
honion,19,hon2on,30,1027,90,1.225259e+10,591.9,112.6
prefix32,19,hon2on,30,820,90,9.782981e+09,590.2,88.0
mkp224o,20,hon2o,25,696,90,2.594876e+08,140.0,338.8
honion,20,hon2on,30,1046,90,1.247927e+10,588.6,109.5
prefix32,20,hon2on,30,889,90,1.060618e+10,591.8,86.4
mkp224o,21,hon2o,25,673,90,2.509126e+08,140.2,338.8
honion,21,hon2on,30,1036,90,1.235996e+10,589.1,109.4
prefix32,21,hon2on,30,908,90,1.083286e+10,590.5,86.3
mkp224o,22,hon2o,25,709,90,2.643344e+08,140.1,338.7
honion,22,hon2on,30,1127,90,1.344563e+10,587.7,109.4
prefix32,22,hon2on,30,897,90,1.070163e+10,591.3,86.2
mkp224o,23,hon2o,25,697,90,2.598604e+08,140.2,339.0
honion,23,hon2on,30,1048,90,1.250313e+10,591.8,114.4
prefix32,23,hon2on,30,874,90,1.042723e+10,592.5,86.3
mkp224o,24,hon2o,25,682,90,2.542680e+08,140.2,339.2
honion,24,hon2on,30,1051,90,1.253892e+10,588.7,109.4
prefix32,24,hon2on,30,869,90,1.036757e+10,590.7,86.0
mkp224o,25,hon2o,25,753,90,2.807387e+08,140.0,339.0
honion,25,hon2on,30,1061,90,1.265822e+10,588.0,109.4
prefix32,25,hon2on,30,878,90,1.047495e+10,590.7,86.2
mkp224o,26,hon2o,25,695,90,2.591148e+08,139.9,339.4
honion,26,hon2on,30,1048,90,1.250313e+10,588.8,110.0
prefix32,26,hon2on,30,880,90,1.049881e+10,591.8,87.4
mkp224o,27,hon2o,25,658,90,2.453202e+08,140.0,338.4
honion,27,hon2on,30,1008,90,1.202591e+10,588.4,110.6
prefix32,27,hon2on,30,865,90,1.031985e+10,590.4,87.4
mkp224o,28,hon2o,25,713,90,2.658257e+08,140.7,337.8
honion,28,hon2on,30,1078,90,1.286104e+10,585.9,110.4
prefix32,28,hon2on,30,849,90,1.012896e+10,590.1,89.4
mkp224o,29,hon2o,25,676,90,2.520311e+08,140.3,338.9
honion,29,hon2on,30,1028,90,1.226452e+10,592.1,111.0
prefix32,29,hon2on,30,876,90,1.045109e+10,591.8,91.1
mkp224o,30,hon2o,25,735,90,2.740279e+08,140.1,338.8
honion,30,hon2on,30,1085,90,1.294455e+10,588.2,111.2
prefix32,30,hon2on,30,865,90,1.031985e+10,590.2,91.4
mkp224o,31,hon2o,25,654,90,2.438289e+08,140.7,337.7
honion,31,hon2on,30,1000,90,1.193046e+10,588.0,129.9
prefix32,31,hon2on,30,873,90,1.041530e+10,589.6,89.0
mkp224o,32,hon2o,25,683,90,2.546409e+08,140.8,339.1
honion,32,hon2on,30,1023,90,1.220487e+10,591.8,110.9
prefix32,32,hon2on,30,902,90,1.076128e+10,590.3,87.9
mkp224o,33,hon2o,25,728,90,2.714181e+08,140.4,338.5
honion,33,hon2on,30,1092,90,1.302807e+10,588.7,113.6
prefix32,33,hon2on,30,933,90,1.113112e+10,590.4,88.3
mkp224o,34,hon2o,25,681,90,2.538952e+08,140.4,339.0
honion,34,hon2on,30,1037,90,1.237189e+10,587.7,111.5
prefix32,34,hon2on,30,855,90,1.020055e+10,590.5,87.4
mkp224o,35,hon2o,25,677,90,2.524039e+08,140.7,339.1
honion,35,hon2on,30,1038,90,1.238382e+10,592.3,110.3
prefix32,35,hon2on,30,883,90,1.053460e+10,591.5,86.6
mkp224o,36,hon2o,25,724,90,2.699268e+08,140.6,338.5
honion,36,hon2on,30,1035,90,1.234803e+10,587.3,110.2
prefix32,36,hon2on,30,850,90,1.014090e+10,590.1,86.8
mkp224o,37,hon2o,25,669,90,2.494213e+08,140.4,339.0
honion,37,hon2on,30,1041,90,1.241961e+10,589.6,110.2
prefix32,37,hon2on,30,884,90,1.054653e+10,590.6,87.5
mkp224o,38,hon2o,25,671,90,2.501669e+08,140.2,338.2
honion,38,hon2on,30,1106,90,1.319509e+10,588.2,110.1
prefix32,38,hon2on,30,871,90,1.039143e+10,592.7,86.6
mkp224o,39,hon2o,25,659,90,2.456930e+08,140.1,338.3
honion,39,hon2on,30,1013,90,1.208556e+10,587.6,110.7
prefix32,39,hon2on,30,892,90,1.064197e+10,590.1,87.3
mkp224o,40,hon2o,25,666,90,2.483028e+08,140.2,339.1
honion,40,hon2on,30,1059,90,1.263436e+10,590.7,110.2
prefix32,40,hon2on,30,943,90,1.125043e+10,590.9,88.3
mkp224o,41,hon2o,25,692,90,2.579963e+08,140.4,339.0
honion,41,hon2on,30,1086,90,1.295648e+10,589.0,110.0
prefix32,41,hon2on,30,857,90,1.022441e+10,590.3,87.2
mkp224o,42,hon2o,25,719,90,2.680626e+08,140.4,338.3
honion,42,hon2on,30,1042,90,1.243154e+10,587.8,110.6
prefix32,42,hon2on,30,911,90,1.086865e+10,590.2,87.3
mkp224o,43,hon2o,25,723,90,2.695539e+08,140.0,337.9
honion,43,hon2on,30,1026,90,1.224066e+10,591.3,110.2
prefix32,43,hon2on,30,895,90,1.067777e+10,591.5,87.0
mkp224o,44,hon2o,25,742,90,2.766377e+08,140.4,338.7
honion,44,hon2on,30,995,90,1.187081e+10,588.5,111.5
prefix32,44,hon2on,30,940,90,1.121464e+10,590.3,86.9
mkp224o,45,hon2o,25,712,90,2.654528e+08,140.5,338.7
honion,45,hon2on,30,1067,90,1.272981e+10,587.7,110.3
prefix32,45,hon2on,30,890,90,1.061811e+10,590.9,86.9
mkp224o,46,hon2o,25,670,90,2.497941e+08,140.5,338.8
honion,46,hon2on,30,1019,90,1.215714e+10,591.6,110.5
prefix32,46,hon2on,30,855,90,1.020055e+10,591.1,87.1
mkp224o,47,hon2o,25,729,90,2.717909e+08,140.1,338.7
honion,47,hon2on,30,1053,90,1.256278e+10,588.9,110.4
prefix32,47,hon2on,30,881,90,1.051074e+10,590.2,87.8
mkp224o,48,hon2o,25,703,90,2.620974e+08,140.2,338.6
honion,48,hon2on,30,995,90,1.187081e+10,589.1,110.6
prefix32,48,hon2on,30,837,90,9.985799e+09,590.0,87.0
mkp224o,49,hon2o,25,684,90,2.550137e+08,140.8,338.5
honion,49,hon2on,30,1105,90,1.318316e+10,592.4,110.4
prefix32,49,hon2on,30,886,90,1.057039e+10,591.5,86.7
mkp224o,50,hon2o,25,666,90,2.483028e+08,140.7,339.0
honion,50,hon2on,30,1026,90,1.224066e+10,588.1,110.4
prefix32,50,hon2on,30,919,90,1.096410e+10,590.0,86.4
mkp224o,51,hon2o,25,722,90,2.691811e+08,140.5,338.6
honion,51,hon2on,30,1028,90,1.226452e+10,592.4,112.7
prefix32,51,hon2on,30,878,90,1.047495e+10,590.8,89.5
mkp224o,52,hon2o,25,725,90,2.702996e+08,139.9,338.8
honion,52,hon2on,30,1022,90,1.219293e+10,588.5,110.1
prefix32,52,hon2on,30,937,90,1.117885e+10,591.2,86.0
mkp224o,53,hon2o,25,714,90,2.661985e+08,36.0,334.9
honion,53,hon2on,30,963,90,1.148904e+10,591.7,109.3
prefix32,53,hon2on,30,850,90,1.014090e+10,592.0,86.1
mkp224o,54,hon2o,25,666,90,2.483028e+08,140.0,339.6
honion,54,hon2on,30,1060,90,1.264629e+10,588.1,109.7
prefix32,54,hon2on,30,877,90,1.046302e+10,591.9,86.3
mkp224o,55,hon2o,25,693,90,2.583691e+08,140.8,338.6
honion,55,hon2on,30,1011,90,1.206170e+10,588.7,110.4
prefix32,55,hon2on,30,892,90,1.064197e+10,590.2,86.2
mkp224o,56,hon2o,25,692,90,2.579963e+08,140.7,338.3
honion,56,hon2on,30,1063,90,1.268208e+10,591.3,109.6
prefix32,56,hon2on,30,929,90,1.108340e+10,591.7,85.9
mkp224o,57,hon2o,25,687,90,2.561322e+08,140.9,338.6
honion,57,hon2on,30,1016,90,1.212135e+10,588.3,109.6
prefix32,57,hon2on,30,939,90,1.120271e+10,590.8,86.1
mkp224o,58,hon2o,25,703,90,2.620974e+08,140.3,339.1
honion,58,hon2on,30,1018,90,1.214521e+10,587.2,110.3
prefix32,58,hon2on,30,867,90,1.034371e+10,591.2,88.1
mkp224o,59,hon2o,25,708,90,2.639615e+08,140.1,337.8
honion,59,hon2on,30,1064,90,1.269401e+10,590.6,109.8
prefix32,59,hon2on,30,901,90,1.074935e+10,592.3,86.3
mkp224o,60,hon2o,25,723,90,2.695539e+08,140.2,339.1
honion,60,hon2on,30,1078,90,1.286104e+10,589.4,109.8
prefix32,60,hon2on,30,883,90,1.053460e+10,590.4,86.2
mkp224o,61,hon2o,25,684,90,2.550137e+08,139.8,339.2
honion,61,hon2on,30,1057,90,1.261050e+10,591.0,110.1
prefix32,61,hon2on,30,888,90,1.059425e+10,591.0,86.1
mkp224o,62,hon2o,25,696,90,2.594876e+08,140.1,338.3
honion,62,hon2on,30,1072,90,1.278946e+10,588.9,110.6
prefix32,62,hon2on,30,881,90,1.051074e+10,592.0,86.9
mkp224o,63,hon2o,25,708,90,2.639615e+08,140.3,338.5
honion,63,hon2on,30,1059,90,1.263436e+10,588.3,110.8
prefix32,63,hon2on,30,888,90,1.059425e+10,590.5,87.5
mkp224o,64,hon2o,25,725,90,2.702996e+08,140.0,338.8
honion,64,hon2on,30,1039,90,1.239575e+10,591.9,117.5
prefix32,64,hon2on,30,857,90,1.022441e+10,591.9,97.3
mkp224o,65,hon2o,25,672,90,2.505398e+08,139.8,337.4
honion,65,hon2on,30,975,90,1.163220e+10,588.7,109.9
prefix32,65,hon2on,30,884,90,1.054653e+10,590.8,96.0
mkp224o,66,hon2o,25,690,90,2.572506e+08,140.0,338.8
honion,66,hon2on,30,1042,90,1.243154e+10,591.5,109.4
prefix32,66,hon2on,30,916,90,1.092831e+10,591.9,86.5
mkp224o,67,hon2o,25,687,90,2.561322e+08,140.4,338.6
honion,67,hon2on,30,1084,90,1.293262e+10,588.8,110.1
prefix32,67,hon2on,30,821,90,9.794912e+09,590.4,86.3
mkp224o,68,hon2o,25,707,90,2.635887e+08,140.4,338.4
honion,68,hon2on,30,974,90,1.162027e+10,588.6,109.7
prefix32,68,hon2on,30,831,90,9.914216e+09,589.8,85.8
mkp224o,69,hon2o,25,668,90,2.490485e+08,140.4,339.4
honion,69,hon2on,30,1109,90,1.323089e+10,590.2,120.6
prefix32,69,hon2on,30,924,90,1.102375e+10,591.0,86.9
mkp224o,70,hon2o,25,708,90,2.639615e+08,140.6,338.2
honion,70,hon2on,30,1087,90,1.296842e+10,588.6,109.8
prefix32,70,hon2on,30,928,90,1.107147e+10,590.5,86.7
mkp224o,71,hon2o,25,693,90,2.583691e+08,139.9,338.7
honion,71,hon2on,30,1029,90,1.227645e+10,589.5,109.5
prefix32,71,hon2on,30,865,90,1.031985e+10,590.6,87.0
mkp224o,72,hon2o,25,670,90,2.497941e+08,35.6,335.3
honion,72,hon2on,30,1071,90,1.277753e+10,587.1,109.9
prefix32,72,hon2on,30,834,90,9.950008e+09,590.2,96.3
mkp224o,73,hon2o,25,698,90,2.602333e+08,139.9,337.8
honion,73,hon2on,30,1018,90,1.214521e+10,591.2,109.9
prefix32,73,hon2on,30,816,90,9.735259e+09,591.0,86.5
mkp224o,74,hon2o,25,690,90,2.572506e+08,139.9,338.3
honion,74,hon2on,30,1057,90,1.261050e+10,588.2,109.4
prefix32,74,hon2on,30,865,90,1.031985e+10,590.1,86.2
mkp224o,75,hon2o,25,752,90,2.803659e+08,139.8,338.5
honion,75,hon2on,30,1039,90,1.239575e+10,591.0,109.5
prefix32,75,hon2on,30,900,90,1.073742e+10,590.9,85.9
mkp224o,76,hon2o,25,699,90,2.606061e+08,139.8,339.0
honion,76,hon2on,30,1037,90,1.237189e+10,591.1,119.4
prefix32,76,hon2on,30,872,90,1.040337e+10,591.8,86.1
mkp224o,77,hon2o,25,667,90,2.486756e+08,140.1,339.0
honion,77,hon2on,30,1070,90,1.276560e+10,589.1,109.9
prefix32,77,hon2on,30,892,90,1.064197e+10,590.4,85.3
mkp224o,78,hon2o,25,644,90,2.401006e+08,140.2,339.3
honion,78,hon2on,30,1056,90,1.259857e+10,588.6,109.8
prefix32,78,hon2on,30,892,90,1.064197e+10,590.4,86.0
mkp224o,79,hon2o,25,712,90,2.654528e+08,35.2,335.9
honion,79,hon2on,30,1062,90,1.267015e+10,588.0,109.8
prefix32,79,hon2on,30,890,90,1.061811e+10,590.4,88.5
mkp224o,80,hon2o,25,704,90,2.624702e+08,139.8,338.8
honion,80,hon2on,30,1004,90,1.197819e+10,591.5,109.4
prefix32,80,hon2on,30,900,90,1.073742e+10,590.3,86.4
mkp224o,81,hon2o,25,711,90,2.650800e+08,140.2,339.2
honion,81,hon2on,30,1075,90,1.282525e+10,588.9,109.6
prefix32,81,hon2on,30,904,90,1.078514e+10,591.8,86.5
mkp224o,82,hon2o,25,681,90,2.538952e+08,140.7,339.2
honion,82,hon2on,30,1065,90,1.270594e+10,589.3,109.8
prefix32,82,hon2on,30,844,90,1.006931e+10,590.2,86.5
mkp224o,83,hon2o,25,723,90,2.695539e+08,140.8,339.1
honion,83,hon2on,30,1051,90,1.253892e+10,590.8,118.7
prefix32,83,hon2on,30,918,90,1.095217e+10,592.3,86.0
mkp224o,84,hon2o,25,665,90,2.479300e+08,140.1,339.4
honion,84,hon2on,30,1088,90,1.298035e+10,588.3,110.0
prefix32,84,hon2on,30,880,90,1.049881e+10,590.7,86.7
mkp224o,85,hon2o,25,690,90,2.572506e+08,140.3,339.4
honion,85,hon2on,30,1060,90,1.264629e+10,587.8,110.0
prefix32,85,hon2on,30,876,90,1.045109e+10,590.4,86.5
mkp224o,86,hon2o,25,658,90,2.453202e+08,140.1,339.1
honion,86,hon2on,30,1033,90,1.232417e+10,591.6,110.3
prefix32,86,hon2on,30,897,90,1.070163e+10,590.4,94.9
mkp224o,87,hon2o,25,669,90,2.494213e+08,36.2,333.7
honion,87,hon2on,30,1094,90,1.305193e+10,591.4,109.9
prefix32,87,hon2on,30,861,90,1.027213e+10,591.8,86.2
mkp224o,88,hon2o,25,632,90,2.356267e+08,139.8,339.2
honion,88,hon2on,30,1034,90,1.233610e+10,588.1,109.6
prefix32,88,hon2on,30,845,90,1.008124e+10,590.5,87.1
mkp224o,89,hon2o,25,683,90,2.546409e+08,140.2,339.4
honion,89,hon2on,30,1108,90,1.321895e+10,591.5,110.2
prefix32,89,hon2on,30,892,90,1.064197e+10,590.5,86.7
mkp224o,90,hon2o,25,642,90,2.393549e+08,139.9,338.9
honion,90,hon2on,30,1039,90,1.239575e+10,590.6,114.0
prefix32,90,hon2on,30,880,90,1.049881e+10,591.6,86.7
mkp224o,91,hon2o,25,683,90,2.546409e+08,140.5,339.0
honion,91,hon2on,30,978,90,1.166799e+10,588.5,110.4
prefix32,91,hon2on,30,861,90,1.027213e+10,590.4,86.5
mkp224o,92,hon2o,25,673,90,2.509126e+08,140.3,339.3
honion,92,hon2on,30,1067,90,1.272981e+10,589.2,110.3
prefix32,92,hon2on,30,897,90,1.070163e+10,590.5,87.0
mkp224o,93,hon2o,25,666,90,2.483028e+08,140.3,339.1
honion,93,hon2on,30,1082,90,1.290876e+10,591.2,117.3
prefix32,93,hon2on,30,886,90,1.057039e+10,591.6,89.3
mkp224o,94,hon2o,25,707,90,2.635887e+08,140.0,337.7
honion,94,hon2on,30,1070,90,1.276560e+10,588.7,108.8
prefix32,94,hon2on,30,885,90,1.055846e+10,592.4,86.4
mkp224o,95,hon2o,25,673,90,2.509126e+08,140.5,339.0
honion,95,hon2on,30,1019,90,1.215714e+10,588.9,109.8
prefix32,95,hon2on,30,876,90,1.045109e+10,589.6,86.6
mkp224o,96,hon2o,25,735,90,2.740279e+08,140.6,339.3
honion,96,hon2on,30,1044,90,1.245541e+10,590.8,110.1
prefix32,96,hon2on,30,810,90,9.663676e+09,591.4,85.8
mkp224o,97,hon2o,25,710,90,2.647072e+08,140.0,338.7
honion,97,hon2on,30,1028,90,1.226452e+10,588.5,111.9
prefix32,97,hon2on,30,896,90,1.068970e+10,590.2,87.2
mkp224o,98,hon2o,25,733,90,2.732822e+08,140.6,338.7
honion,98,hon2on,30,1071,90,1.277753e+10,587.0,111.2
prefix32,98,hon2on,30,862,90,1.028406e+10,589.9,91.2
mkp224o,99,hon2o,25,705,90,2.628431e+08,140.1,339.2
honion,99,hon2on,30,1026,90,1.224066e+10,591.4,116.0
prefix32,99,hon2on,30,860,90,1.026020e+10,591.4,86.6
mkp224o,100,hon2o,25,729,90,2.717909e+08,140.5,338.2
honion,100,hon2on,30,1050,90,1.252699e+10,588.6,109.8
prefix32,100,hon2on,30,829,90,9.890355e+09,590.6,86.7
